h3,area_km2,road_km,intersection_density,road_density,arterial_share,motorway_share,oneway_share,signal_density,crosswalk_density,bike_lane_density,transit_stop_density,school_density,nightlife_density,tourism_density,bridge_count,movable_bridge_count,tunnel_count,roundabout_count,stadium_count,terrain_slope_pct,avg_lanes
8826c86503fffff,0.823175,2.101876,3.644425,2.553377,0.473869,0.0,0.0,0.0,0.0,0.0,0.0,0.0,6.074042,0.0,0,0,0,0,0,,2.0
8826c86505fffff,0.823237,0.840293,2.429433,1.020717,0.955429,0.0,1.0,0.0,0.0,1.570154,0.0,0.0,0.0,0.0,0,0,0,0,0,,3.0
8826c86507fffff,0.823245,4.936834,10.932342,5.996795,0.646834,0.0,0.534898,0.0,0.0,0.0,0.0,0.0,0.0,0.0,4,0,0,0,0,,2.0
8826c86513fffff,0.82312,8.213057,40.091342,9.977953,0.278486,0.371068,0.645961,4.859557,37.661563,0.0,0.0,0.0,1.214889,7.289335,7,0,0,0,0,,2.62069
8826c86515fffff,0.823183,9.90184,38.873497,12.028724,0.359265,0.255346,0.590002,7.288781,25.510733,0.0,0.0,0.0,7.288781,0.0,6,0,0,0,0,,2.56
8826c86517fffff,0.823191,6.532094,29.154849,7.935092,0.103966,0.30221,0.642887,0.0,10.933068,0.0,0.0,0.0,1.214785,3.644356,1,0,0,0,0,,1.8
8826c86521fffff,0.823386,9.713551,71.655367,11.797086,0.735581,0.136727,0.867807,17.002969,94.730825,0.0,1.214498,0.0,3.643493,1.214498,4,0,0,0,0,,2.553571
8826c86523fffff,0.823394,8.401578,35.220097,10.2036,0.713327,0.158918,0.833413,2.428972,55.866361,0.0,4.857944,0.0,0.0,1.214486,9,0,0,0,0,,2.075
8826c86525fffff,0.823456,0.757537,2.428789,0.919948,0.0,0.0,0.025494,0.0,0.0,0.0,0.0,0.0,0.0,0.0,0,0,0,0,0,,
8826c86527fffff,0.823464,8.379677,29.145185,10.176135,0.552128,0.284905,0.852065,7.286296,44.932161,0.0,0.0,0.0,0.0,2.428765,2,0,0,0,0,,2.461538
8826c86529fffff,0.823308,4.841254,31.579935,5.880249,0.925625,0.0,0.990442,3.643839,24.292257,0.285874,6.073064,0.0,0.0,0.0,3,0,0,0,0,,2.5
8826c8652bfffff,0.823316,7.328007,51.01325,8.900606,1.0,0.0,0.994429,15.789815,61.94466,1.261219,2.429202,0.0,0.0,0.0,6,0,0,0,0,,2.350877
8826c8652dfffff,0.823378,9.171356,34.006266,11.138699,0.539781,0.460219,0.953994,8.501566,10.930585,0.0,1.214509,0.0,0.0,2.429019,12,0,0,0,0,,2.25
8826c86531fffff,0.823331,1.506007,1.214578,1.829163,0.874593,0.0,0.125407,0.0,0.0,0.0,0.0,1.214578,0.0,0.0,1,0,0,0,0,,
8826c86533fffff,0.823339,17.037514,38.866132,20.693196,0.277115,0.722885,0.997941,7.2874,14.5748,0.0,12.145666,0.0,0.0,0.0,11,0,0,0,0,,2.615385
8826c86535fffff,0.823401,12.980482,60.723727,15.764465,0.492026,0.385363,0.896971,12.144745,52.222405,0.0,1.214475,0.0,0.0,0.0,4,0,1,0,0,,2.180328
8826c86537fffff,0.823409,5.962174,6.072315,7.24084,0.359769,0.387081,0.728275,2.428926,12.144631,0.0,0.0,1.214463,0.0,0.0,2,0,0,0,0,,2.6
8826c86539fffff,0.823253,2.675184,13.361625,3.249527,0.699388,0.0,0.327624,2.429386,7.288159,0.0,0.0,0.0,0.0,0.0,0,0,0,0,0,,3.0
8826c8653bfffff,0.823261,1.271464,2.429363,1.544424,0.654554,0.0,0.654554,0.0,0.0,0.0,0.0,0.0,0.0,0.0,0,0,0,0,0,,2.0
8826c8653dfffff,0.823323,4.129749,23.077202,5.01595,0.891975,0.0,0.684792,3.643769,31.579329,0.657731,0.0,0.0,0.0,0.0,1,0,0,0,0,,2.157895
8826c86581fffff,0.823221,9.485552,36.442216,11.522484,0.298288,0.268275,0.591651,7.288443,23.08007,0.0,0.0,0.0,1.214741,2.429481,2,0,0,0,0,,2.4
8826c86583fffff,0.823229,7.335491,43.730263,8.910638,0.494394,0.417724,0.941082,10.932566,40.086074,0.0,0.0,0.0,0.0,2.429459,0,0,0,0,0,,2.604651
8826c86585fffff,0.823291,12.699978,34.009826,15.425859,0.322369,0.573356,0.890564,4.858547,27.936643,0.0,0.0,0.0,0.0,1.214637,8,0,0,0,0,,2.75
8826c86587fffff,0.823299,8.144658,19.43401,9.89271,0.227895,0.322785,0.598736,0.0,12.146256,0.0,0.0,0.0,0.0,1.214626,0,0,0,0,0,,2.35
8826c8658dfffff,0.823214,3.997703,9.718013,4.856216,0.3448,0.0,0.3448,0.0,0.0,0.0,0.0,0.0,0.0,0.0,0,0,0,0,0,,3.0
8826c865a1fffff,0.82344,1.558693,15.787435,1.892904,0.914657,0.0,0.657283,0.0,0.0,0.59507,0.0,0.0,0.0,0.0,0,0,0,0,0,,3.0
8826c865a3fffff,0.823447,4.848913,19.430512,5.888553,0.453881,0.0,0.592697,0.0,0.0,0.0,1.214407,0.0,0.0,0.0,0,0,0,0,0,,3.0
8826c865a5fffff,0.82351,3.553134,6.071572,4.314622,0.677861,0.0,0.0,0.0,1.214314,0.0,0.0,0.0,0.0,0.0,0,0,0,0,0,,2.5
8826c865a7fffff,0.823517,2.661863,3.64291,3.23231,1.0,0.0,0.748284,0.0,1.214303,1.051958,0.0,0.0,0.0,0.0,2,0,0,0,0,,2.0
8826c865a9fffff,0.823362,1.441416,6.072664,1.750647,0.628875,0.0,0.143231,0.0,1.214533,1.70727,0.0,0.0,0.0,0.0,0,0,0,0,0,,1.75
8826c865abfffff,0.823369,6.556727,21.861392,7.963288,0.2956,0.0,0.597533,0.0,0.0,0.0,0.0,0.0,0.0,0.0,0,0,0,0,0,,2.631579
8826c865adfffff,0.823432,7.452038,25.503013,9.049973,0.28403,0.0,0.059627,0.0,0.0,0.0,0.0,0.0,0.0,0.0,0,0,0,0,0,,2.705882
8826c865b1fffff,0.823384,7.44223,42.507496,9.038588,0.240904,0.0,0.233822,0.0,0.0,0.0,3.6435,0.0,0.0,0.0,0,0,0,0,0,,3.0
8826c865b3fffff,0.823392,2.357261,0.0,2.862868,1.0,0.0,1.0,0.0,1.214489,0.0,0.0,0.0,0.0,0.0,2,0,0,0,0,,3.0
8826c865b5fffff,0.823455,2.556344,23.073526,3.104414,0.644074,0.0,0.60118,2.428792,0.0,0.0,1.214396,0.0,0.0,0.0,0,0,0,0,0,,3.157895
8826c865b9fffff,0.823306,6.925458,29.150752,8.411762,0.299471,0.0,0.305167,4.858459,29.150752,0.0,0.0,0.0,0.0,0.0,0,0,0,0,0,,2.6
8826c865bbfffff,0.823314,5.428307,32.794303,6.593242,0.430023,0.0,0.424709,7.287623,17.004453,0.0,3.643811,0.0,0.0,0.0,0,0,0,0,0,,3.0
8826c865bdfffff,0.823377,4.660857,15.78864,5.660662,0.061031,0.0,0.301895,0.0,0.0,0.0,1.214511,0.0,0.0,0.0,0,0,0,0,0,,2.333333
8826c865c5fffff,0.823128,6.239784,15.793412,7.580575,0.156623,0.732966,0.887561,6.074389,12.148778,0.493131,7.289267,0.0,0.0,0.0,2,0,0,0,0,,2.533333
8826c865c7fffff,0.823136,3.803406,13.363533,4.620631,0.37957,0.62043,0.989865,2.429733,0.0,0.0,2.429733,0.0,0.0,0.0,3,0,0,0,0,,2.0
8826c865e1fffff,0.823276,6.783405,20.649203,8.239523,0.156265,0.453164,0.808164,0.0,0.0,0.0,0.0,0.0,0.0,0.0,1,0,0,0,0,,1.8
8826c865e3fffff,0.823284,8.417179,43.72732,10.223908,0.233272,0.352032,0.715636,0.0,27.936899,0.0,0.0,0.0,0.0,0.0,9,0,0,0,0,,2.074074
8826c865e5fffff,0.823347,11.436969,20.64744,13.890832,0.336389,0.663611,1.0,2.429111,0.0,0.0,0.0,0.0,0.0,0.0,9,0,0,0,0,,1.857143
8826c865e7fffff,0.823354,12.618309,41.294497,15.325492,0.306257,0.611268,0.914981,1.214544,6.07272,0.0,0.0,0.0,0.0,0.0,7,0,0,0,0,,1.88
8826c865e9fffff,0.823198,3.534463,0.0,4.293574,0.300262,0.699738,1.0,0.0,1.214774,0.0,0.0,0.0,0.0,0.0,2,0,0,0,0,,2.0
8826c865edfffff,0.823269,7.050558,2.429341,8.564103,0.153122,0.846878,1.0,0.0,0.0,0.0,0.0,0.0,0.0,0.0,4,0,0,0,0,,2.0
8826c86c01fffff,0.824202,5.712035,24.265892,6.930381,0.311516,0.528885,0.738824,0.0,0.0,0.0,0.0,0.0,0.0,0.0,6,0,0,0,0,,1.869565
8826c86c03fffff,0.82421,2.999038,6.066415,3.638682,0.079024,0.920976,0.920976,0.0,0.0,0.0,0.0,0.0,0.0,0.0,3,0,0,0,0,,2.6
8826c86c05fffff,0.824272,7.525455,57.020024,9.129822,0.542216,0.0,0.691374,4.852768,0.0,0.0,0.0,0.0,0.0,0.0,0,0,0,0,0,,
8826c86c07fffff,0.82428,3.858959,8.492262,4.681614,0.692503,0.0,0.436976,3.639541,7.279082,0.0,0.0,0.0,0.0,0.0,0,0,0,0,0,,2.4
8826c86c09fffff,0.824124,14.634013,33.97545,17.757042,0.145279,0.68416,0.784108,0.0,20.627952,0.0,0.0,0.0,0.0,6.067045,6,0,0,0,0,,2.368421
8826c86c0bfffff,0.824132,9.082964,43.682302,11.021244,0.515849,0.0,0.442047,0.0,32.761727,0.0,0.0,0.0,0.0,0.0,0,0,0,0,0,,2.058824
8826c86c0dfffff,0.824194,4.672026,23.052819,5.668599,0.821277,0.175782,0.812003,0.0,0.0,0.0,0.0,0.0,0.0,2.426613,3,0,0,0,0,,3.090909
8826c86c11fffff,0.824148,10.792295,53.388467,13.095093,0.0,0.0,0.021536,0.0,0.0,0.0,0.0,0.0,0.0,0.0,2,0,0,0,0,,1.975904
8826c86c13fffff,0.824156,6.43488,36.400886,7.807845,0.5313,0.0,0.416938,8.49354,37.614249,0.0,0.0,0.0,0.0,0.0,3,0,0,0,0,,2.551724
8826c86c15fffff,0.824218,0.828098,1.213271,1.004707,0.0,0.0,0.0,0.0,0.0,0.0,0.0,0.0,0.0,0.0,0,0,0,0,0,,2.0
8826c86c17fffff,0.824226,7.967052,26.691721,9.666106,0.523652,0.0,0.431189,0.0,1.21326,0.0,0.0,0.0,0.0,0.0,2,0,0,0,0,,1.878788
8826c86c19fffff,0.82407,6.927439,50.966519,8.406368,0.764007,0.0,0.467796,8.49442,67.955359,0.093938,0.0,1.213489,0.0,0.0,4,0,0,0,0,,2.5
8826c86c1bfffff,0.824078,7.419811,41.258222,9.003771,0.484658,0.0,0.213036,0.0,30.336928,0.0,0.0,0.0,0.0,0.0,1,0,0,0,0,,2.214286
8826c86c1dfffff,0.82414,8.378693,33.9748,10.166586,0.641193,0.0,0.221279,0.0,35.188186,1.309935,2.426771,0.0,0.0,0.0,1,0,0,0,0,,2.0625
8826c86c2bfffff,0.824349,2.465369,9.704622,2.990685,0.976629,0.0,0.992703,0.0,9.704622,0.0,0.0,0.0,0.0,0.0,2,0,0,0,0,,2.857143
8826c86c31fffff,0.824365,7.398169,41.243859,8.974383,0.54801,0.0,0.564434,7.278328,16.982766,0.0,0.0,1.213055,0.0,0.0,0,0,0,0,0,,1.885246
8826c86c33fffff,0.824373,7.269925,25.473908,8.818734,0.419231,0.435431,0.824418,0.0,2.426087,0.0,0.0,0.0,0.0,0.0,5,0,0,0,0,,1.88
8826c86c35fffff,0.824435,1.344604,7.277713,1.63094,1.0,0.0,0.956825,0.0,0.0,0.0,0.0,0.0,0.0,0.0,0,0,0,0,0,,2.2
8826c86c37fffff,0.824443,6.323215,26.684695,7.669685,0.612135,0.0,0.688782,9.703525,10.916466,0.0,0.0,0.0,0.0,0.0,1,0,0,0,0,,1.65625
8826c86c39fffff,0.824288,6.586277,12.131688,7.990265,0.365733,0.151899,0.517633,0.0,0.0,0.0,0.0,0.0,0.0,0.0,2,0,0,0,0,,1.833333
8826c86c3bfffff,0.824295,8.632341,23.049989,10.472388,0.522249,0.379429,0.767193,4.852629,10.918416,0.0,0.0,0.0,0.0,0.0,3,0,0,0,0,,2.68
8826c86c3dfffff,0.824357,4.251858,20.622125,5.157785,0.813154,0.0,0.719555,0.0,0.0,0.0,0.0,0.0,0.0,0.0,0,0,0,0,0,,2.0
8826c86c41fffff,0.824039,9.841296,42.47373,11.942759,0.582123,0.282362,0.851369,9.708281,1.213535,0.0,0.0,0.0,0.0,0.0,5,0,0,0,0,,2.377778
8826c86c43fffff,0.824047,15.141525,54.608551,18.374594,0.35166,0.402955,0.715693,4.854093,37.619224,0.0,0.0,3.64057,0.0,2.427047,8,0,0,0,0,,2.117647
8826c86c45fffff,0.824108,2.546381,3.640297,3.089861,1.0,0.0,0.754882,0.0,0.0,0.0,0.0,0.0,0.0,0.0,0,0,0,0,0,,1.666667
8826c86c47fffff,0.824117,7.117827,26.695255,8.636918,0.654401,0.345599,0.995853,4.853683,0.0,0.0,0.0,0.0,0.0,2.426841,3,0,0,0,0,,2.137931
8826c86c49fffff,0.823961,10.803099,50.973287,13.111177,0.422295,0.243271,0.67606,4.854599,30.341242,0.0,0.0,0.0,0.0,0.0,4,0,0,0,0,,2.478261
8826c86c4bfffff,0.823969,10.927932,60.681894,13.262552,0.366422,0.0,0.266439,3.640914,52.186429,0.0,0.0,0.0,0.0,0.0,0,0,0,0,0,,2.0
8826c86c4dfffff,0.824031,5.546596,27.911581,6.731055,0.73645,0.0,0.728474,4.854188,12.13547,0.0,3.640641,0.0,0.0,0.0,0,0,0,0,0,,2.21875
8826c86c51fffff,0.823985,9.305998,25.485904,11.293895,0.459447,0.455128,0.736289,8.495301,44.903736,0.0,4.854458,1.213614,0.0,1.213614,5,0,0,0,0,,2.222222
8826c86c53fffff,0.823993,9.080779,61.89375,11.020461,0.323485,0.0,0.207658,6.068015,83.738603,0.0,1.213603,1.213603,0.0,0.0,0,0,0,0,0,,2.925926
8826c86c55fffff,0.824055,9.292162,61.889095,11.276147,0.626246,0.232965,0.781758,7.28107,122.564678,0.0,0.0,0.0,0.0,3.640535,1,0,0,0,0,,2.326087
8826c86c57fffff,0.824063,8.885716,43.686002,10.782818,0.312586,0.0,0.164142,4.854,48.540003,0.0,0.0,0.0,0.0,0.0,0,0,0,0,0,,2.153846
8826c86c59fffff,0.823907,12.212956,38.839329,14.823219,0.259955,0.389905,0.64986,12.13729,23.060851,0.0,0.0,0.0,0.0,1.213729,4,0,0,0,0,,2.15625
8826c86c5bfffff,0.823915,13.058561,52.189849,15.849403,0.379453,0.230342,0.518552,6.068587,24.274348,0.0,3.641152,0.0,0.0,0.0,0,0,0,0,0,,2.039216
8826c86c5dfffff,0.823977,8.561983,35.195158,10.391047,0.339167,0.119886,0.352907,0.0,27.913401,0.0,0.0,1.213626,0.0,0.0,1,0,0,0,0,,2.24
8826c86c6bfffff,0.824186,6.611891,14.559817,8.022326,0.406607,0.593393,0.881393,0.0,0.0,0.0,0.0,0.0,0.0,0.0,4,0,0,0,0,,2.25
8826c86c81fffff,0.824256,2.545294,7.279291,3.087989,1.0,0.0,0.485647,0.0,0.0,1.153624,0.0,0.0,0.0,0.0,1,0,0,0,0,,
8826c86c85fffff,0.824326,4.485838,6.065562,5.441825,0.714495,0.0,0.655517,9.704899,48.524493,0.713184,0.0,0.0,0.0,0.0,1,0,0,0,0,,3.125
8826c86c87fffff,0.824333,1.507973,2.426203,1.829324,1.0,0.0,1.0,0.0,2.426203,0.026044,0.0,0.0,0.0,0.0,1,0,0,0,1,,
8826c86c89fffff,0.824179,2.067358,18.199939,2.508386,0.975534,0.0,0.990728,0.0,13.346622,1.031647,0.0,0.0,0.0,0.0,2,0,0,0,0,,1.636364
8826c86c8dfffff,0.824249,2.761768,1.213226,3.35065,1.0,0.0,1.0,0.0,0.0,0.0,0.0,0.0,0.0,0.0,0,0,0,0,0,,
8826c86c91fffff,0.824201,9.713368,37.612189,11.785194,0.205182,0.10247,0.228953,3.639889,0.0,0.0,0.0,0.0,0.0,0.0,1,0,0,0,0,,2.350877
8826c86c93fffff,0.824208,8.328484,43.678284,10.10483,0.307479,0.0,0.214206,0.0,0.0,0.0,0.0,0.0,0.0,0.0,0,0,0,0,0,,2.425532
8826c86c95fffff,0.824271,10.687084,38.822187,12.965499,0.341552,0.197613,0.512112,0.0,0.0,0.0,0.0,1.213193,0.0,0.0,0,0,0,0,0,,2.057692
8826c86c97fffff,0.824278,6.085095,35.182294,7.38233,0.303988,0.0,0.085393,6.065913,0.0,0.0,0.0,1.213183,0.0,0.0,0,0,0,0,0,,2.55
8826c86c99fffff,0.824123,5.557894,4.853642,6.744006,0.225525,0.738196,0.963721,2.426821,0.0,0.0,0.0,0.0,0.0,0.0,3,0,0,0,0,,2.0
8826c86c9bfffff,0.824131,2.636031,3.640199,3.198559,0.0,0.0,0.251498,0.0,0.0,0.0,0.0,0.0,0.0,0.0,0,0,0,0,0,,2.0
8826c86c9dfffff,0.824194,1.012487,6.066536,1.228458,0.341973,0.312039,0.686001,0.0,0.0,0.0,0.0,0.0,0.0,0.0,0,0,0,0,0,,2.25
8826c86ca3fffff,0.824481,8.800649,20.619039,10.674172,0.384823,0.39377,0.637945,1.212885,0.0,0.0,0.0,3.638654,0.0,1.212885,0,0,0,0,1,,2.409091
8826c86ca9fffff,0.824396,0.958884,1.21301,1.163135,0.0,0.0,0.0,0.0,0.0,0.0,0.0,0.0,0.0,0.0,0,0,0,0,0,,
8826c86cabfffff,0.824403,4.483049,13.342983,5.437931,0.488573,0.0,0.497353,9.703987,20.620973,5.952324,0.0,0.0,0.0,0.0,5,0,0,0,0,,3.0
8826c86cb1fffff,0.824418,10.272409,47.306086,12.460192,0.272431,0.0,0.061216,1.212977,0.0,0.0,0.0,1.212977,0.0,0.0,0,0,0,0,0,,2.294118
8826c86cb9fffff,0.824341,8.833544,43.671253,10.715887,0.155402,0.141468,0.324039,0.0,0.0,0.0,0.0,0.0,0.0,0.0,0,0,0,0,0,,1.97561
8826c86cbbfffff,0.824348,8.965848,48.52318,10.876286,0.223176,0.0,0.073782,4.852318,0.0,0.0,0.0,1.213079,0.0,0.0,0,0,0,0,0,,2.818182
8826c86cbdfffff,0.824411,8.803033,29.111699,10.677969,0.499378,0.315795,0.648161,3.638962,0.0,0.0,0.0,0.0,0.0,0.0,3,0,0,0,0,,2.55814
8826c86cc1fffff,0.824094,10.081357,41.257454,12.233269,0.103493,0.0,0.0,0.0,3.640364,0.0,0.0,0.0,0.0,0.0,0,0,0,0,0,,3.375
8826c86cc3fffff,0.824101,11.07501,53.391509,13.438897,0.109002,0.0,0.04614,0.0,27.909198,0.0,0.0,1.213443,0.0,0.0,0,0,0,0,0,,2.64
8826c86cc5fffff,0.824163,4.329518,24.267032,5.253227,0.0,0.0,0.0,0.0,8.493461,0.0,0.0,1.213352,0.0,0.0,0,0,0,0,0,,
8826c86cc7fffff,0.824171,1.683152,7.280042,2.042237,0.0,0.0,0.0,0.0,0.0,0.0,0.0,0.0,0.0,0.0,0,0,0,0,0,,
8826c86cc9fffff,0.824016,9.153533,48.542752,11.108442,0.260576,0.0,0.0,3.640706,48.542752,0.0,0.0,1.213569,0.0,0.0,0,0,0,0,0,,2.878788
8826c86ccbfffff,0.824024,5.2943,19.416921,6.424938,0.0,0.0,0.0,0.0,0.0,0.0,0.0,0.0,0.0,0.0,0,0,0,0,0,,
8826c86ccdfffff,0.824086,8.483306,41.257837,10.294202,0.118354,0.0,0.0,2.426932,29.123179,0.0,0.0,0.0,0.0,0.0,0,0,0,0,0,,
8826c86cd1fffff,0.824039,0.790366,13.34889,0.959138,0.907181,0.0,0.907181,4.854142,12.135354,1.506757,0.0,0.0,0.0,0.0,0,0,0,0,0,,2.0
8826c86cd5fffff,0.824109,3.620734,24.268646,4.393516,0.50169,0.0,0.50169,0.0,16.988052,1.526789,0.0,0.0,0.0,0.0,0,0,0,0,0,,2.0
8826c86cd7fffff,0.824116,4.452248,0.0,5.402452,1.0,0.0,1.0,0.0,0.0,0.0,0.0,0.0,0.0,0.0,2,0,0,0,0,,2.0
8826c86cd9fffff,0.823961,2.421403,8.495548,2.938735,0.317229,0.0,0.01045,0.0,0.0,0.0,0.0,0.0,0.0,0.0,0,0,0,0,0,,
8826c86cdbfffff,0.823968,0.711693,0.0,0.863739,0.0,0.0,0.0,0.0,0.0,0.983626,0.0,0.0,0.0,0.0,0,0,0,0,0,,1.0
8826c86cddfffff,0.824031,7.552159,52.182498,9.164896,0.25096,0.0,0.326656,0.0,14.562558,0.0,0.0,0.0,0.0,0.0,0,0,0,0,0,,2.047619
8826c86ce3fffff,0.824318,3.148723,13.344358,3.81979,1.0,0.0,0.681003,3.63937,8.491864,0.0,0.0,0.0,0.0,0.0,0,0,0,0,0,,2.888889
8826c86ce5fffff,0.824381,1.222654,2.426064,1.483119,1.0,0.0,0.0,0.0,0.0,0.0,0.0,0.0,0.0,0.0,0,0,0,0,0,,
8826c86ce9fffff,0.824233,2.661719,2.426497,3.229328,0.486716,0.0,0.486716,2.426497,8.492741,0.0,0.0,0.0,0.0,0.0,2,0,0,0,0,,3.0
8826c86cebfffff,0.824241,1.852063,2.426475,2.246992,1.0,0.0,0.991761,0.0,0.0,0.0,0.0,0.0,0.0,0.0,2,0,0,0,0,,3.0
8826c86cedfffff,0.824303,1.235864,3.639438,1.499283,0.013809,0.0,0.0,0.0,0.0,0.0,0.0,0.0,0.0,0.0,0,0,0,0,0,,
8826c86dd1fffff,0.824528,10.525469,47.299801,12.765451,0.365871,0.292645,0.574964,7.276892,10.915339,0.979883,0.0,0.0,0.0,0.0,4,0,0,0,0,,2.105263
8826c86dd3fffff,0.824535,6.625438,15.766454,8.035359,0.659302,0.288432,0.947734,4.851217,2.425608,0.924655,0.0,1.212804,0.0,0.0,7,0,0,0,0,,2.210526
8826c86dd9fffff,0.82445,1.397716,0.0,1.695331,0.0,1.0,1.0,0.0,0.0,2.730295,0.0,0.0,0.0,0.0,2,0,0,0,0,,4.0
8826c86ddbfffff,0.824458,1.360028,2.425836,1.649603,0.0,0.355623,0.355623,0.0,0.0,0.873466,0.0,0.0,0.0,0.0,1,0,0,0,0,,1.0
8826c86e01fffff,0.823658,5.067267,32.780615,6.152153,0.955957,0.0,0.933772,9.712775,25.496034,0.0,0.0,0.0,0.0,0.0,4,0,0,0,0,,2.645161
8826c86e03fffff,0.823666,4.813738,9.71268,5.844286,0.521813,0.0,0.517021,0.0,3.642255,0.0,0.0,0.0,0.0,0.0,0,0,0,0,0,,2.153846
8826c86e07fffff,0.823735,10.679841,47.345297,12.965135,0.468831,0.33834,0.787889,4.855928,32.777513,0.0,0.0,1.213982,0.0,0.0,0,0,0,0,0,,2.351852
8826c86e0bfffff,0.823588,2.221533,2.4284,2.697385,0.69132,0.0,0.69132,0.0,12.141999,0.0,0.0,0.0,0.0,0.0,0,0,0,0,0,,3.0
8826c86e13fffff,0.823612,9.445214,61.922392,11.468044,0.502039,0.0,0.499556,9.713316,58.279898,0.0,0.0,0.0,0.0,0.0,0,0,0,0,0,,2.155172
8826c86e15fffff,0.823674,7.679254,48.562925,9.323176,0.622727,0.0,0.552149,7.284439,38.85034,0.0,0.0,0.0,0.0,0.0,4,0,0,0,0,,2.512195
8826c86e17fffff,0.823682,7.624435,30.351535,9.256532,0.447823,0.0,0.380372,4.856246,37.635903,0.0,0.0,0.0,0.0,0.0,0,0,0,0,0,,2.384615
8826c86e19fffff,0.823526,3.950496,17.000076,4.797053,0.795435,0.0,0.852009,7.285747,12.142912,0.0,0.0,1.214291,0.0,0.0,2,0,0,0,0,,2.409091
8826c86e1bfffff,0.823534,3.134957,19.428471,3.806714,0.459545,0.0,0.557488,7.285677,12.142794,0.0,0.0,0.0,0.0,2.428559,0,0,0,0,0,,2.6
8826c86e1dfffff,0.823596,6.808478,26.712136,8.266772,0.337874,0.0,0.433629,7.285128,35.211452,0.0,2.428376,1.214188,0.0,0.0,0,0,0,2,0,,2.46875
8826c86e23fffff,0.823883,11.333133,36.41293,13.755753,0.469306,0.342548,0.790155,2.427529,20.633994,0.0,0.0,0.0,0.0,0.0,0,0,0,0,0,,2.636364
8826c86e2bfffff,0.823805,3.964064,4.855516,4.811895,0.732187,0.125288,0.857474,0.0,0.0,0.0,0.0,0.0,0.0,0.0,0,0,0,0,0,,2.285714
8826c86e31fffff,0.823821,7.681778,54.623491,9.324568,0.763835,0.0,0.569865,7.283132,27.918673,0.0,0.0,0.0,0.0,0.0,0,0,0,0,0,,2.930233
8826c86e33fffff,0.823829,10.704034,58.264494,12.993024,0.176016,0.0,0.013341,1.213844,26.70456,0.0,0.0,0.0,0.0,0.0,0,0,0,0,0,,2.363636
8826c86e35fffff,0.823891,9.114356,49.763852,11.062573,0.477296,0.0,0.272721,7.282515,63.115129,0.0,0.0,1.213752,0.0,0.0,0,0,0,0,0,,2.571429
8826c86e37fffff,0.823899,9.890704,58.259554,12.004751,0.37589,0.0,0.095733,7.282444,19.419851,0.0,0.0,0.0,0.0,0.0,1,0,0,0,0,,2.5
8826c86e39fffff,0.823744,4.679605,38.847044,5.6809,0.955683,0.0,0.708594,8.497791,37.633073,0.0,0.0,1.21397,0.0,0.0,0,0,0,0,0,,2.666667
8826c86e3bfffff,0.823752,9.28806,49.772292,11.275318,0.401443,0.0,0.284202,4.855833,35.204792,0.0,0.0,2.427917,0.0,0.0,0,0,0,0,0,,2.076923
8826c86e3dfffff,0.823813,10.557801,61.907226,12.815768,0.547627,0.097691,0.539782,6.069336,41.271484,0.0,0.0,0.0,0.0,0.0,4,0,0,0,0,,2.478261
8826c86e53fffff,0.823448,6.768057,40.075404,8.219171,0.897294,0.0,0.886427,9.71525,61.934716,0.0,17.001687,0.0,0.0,6.072031,2,0,0,0,0,,2.785714
8826c86e57fffff,0.823518,7.575872,35.214787,9.199404,0.253031,0.0,0.815654,9.714424,44.929211,0.248015,10.928727,0.0,0.0,0.0,4,0,0,0,0,,3.181818
8826c86e81fffff,0.823713,7.070504,35.206445,8.583701,0.316178,0.0,0.05898,6.070077,54.63069,0.0,9.712123,3.642046,0.0,0.0,0,0,0,0,0,,2.777778
8826c86e83fffff,0.82372,6.782323,27.922093,8.233767,0.460376,0.0,0.022027,1.214004,40.062133,0.0,0.0,2.428008,0.0,0.0,0,0,0,0,0,,2.857143
8826c86e85fffff,0.823783,9.338188,59.481693,11.33574,0.424736,0.0,0.300607,4.855648,53.412133,0.0,0.0,0.0,0.0,0.0,1,0,0,0,0,,2.170213
8826c86e87fffff,0.823791,5.811719,25.491916,7.05485,0.50225,0.0,0.176226,4.855603,74.047947,0.0,9.711206,1.213901,0.0,0.0,1,0,0,0,0,,3.0
8826c86e89fffff,0.823635,12.981618,32.78151,15.761372,0.283483,0.467045,0.647791,0.0,44.92281,0.0,0.0,0.0,0.0,0.0,4,0,0,0,0,,2.103448
8826c86e8bfffff,0.823643,6.96874,30.352967,8.460877,0.368824,0.0,0.039042,1.214119,31.567085,0.0,4.856475,1.214119,0.0,0.0,0,0,0,0,0,,2.62069
8826c86e8dfffff,0.823705,15.301825,72.841603,18.576824,0.402054,0.296064,0.584762,8.498187,99.550191,0.0,0.0,0.0,0.0,0.0,4,0,0,0,0,,2.421053
8826c86e91fffff,0.823658,6.931356,48.56385,8.415333,0.581661,0.0,0.383875,4.856385,33.994695,0.0,3.642289,0.0,0.0,0.0,1,0,0,0,0,,2.479167
8826c86e93fffff,0.823665,13.971893,72.84511,16.963069,0.49801,0.242065,0.56577,2.42817,38.850725,0.0,0.0,0.0,0.0,0.0,2,0,0,0,0,,2.258065
8826c86e95fffff,0.823728,7.960153,50.987699,9.663568,0.474698,0.0,0.309048,6.069964,100.761405,0.0,9.711943,1.213993,0.0,0.0,0,0,0,0,1,,2.034483
8826c86e97fffff,0.823736,8.114293,38.847415,9.850603,0.353207,0.0,0.025047,1.213982,37.633433,0.0,0.0,1.213982,0.0,0.0,0,0,0,0,0,,2.444444
8826c86e99fffff,0.82358,9.092819,25.498428,11.0406,0.423481,0.323135,0.55784,0.0,15.784741,0.0,0.0,1.214211,0.0,0.0,1,0,0,0,0,,2.076923
8826c86e9bfffff,0.823588,6.035163,33.997593,7.327894,0.628594,0.105794,0.562422,7.285198,10.927798,0.0,1.2142,0.0,0.0,0.0,3,0,0,0,0,,2.6
8826c86e9dfffff,0.82365,6.683443,35.209115,8.114418,0.374407,0.0,0.001272,1.214107,47.350189,0.0,9.712859,1.214107,0.0,0.0,0,0,0,0,0,,2.266667
8826c86ea1fffff,0.823931,10.194209,55.829946,12.372655,0.234181,0.0,0.017112,3.641083,49.761474,0.0,0.0,0.0,0.0,0.0,0,0,0,0,0,,3.72
8826c86ea3fffff,0.823938,8.290633,42.47891,10.062202,0.191345,0.0,0.0,1.213683,38.83786,0.0,0.0,0.0,0.0,0.0,0,0,0,0,0,,2.882353
8826c86ea5fffff,0.824001,8.25605,37.621336,10.019471,0.259453,0.0,0.0,1.213591,24.271829,2.941743,0.0,1.213591,0.0,0.0,0,0,0,0,0,,3.0
8826c86ea7fffff,0.824008,8.453191,36.407403,10.258624,0.251979,0.0,0.0,1.21358,53.397524,0.0,0.0,2.42716,0.0,0.0,0,0,0,0,0,,4.0
8826c86ea9fffff,0.823853,12.603036,58.26283,15.297678,0.446983,0.0,0.174362,2.427618,70.40092,0.0,2.427618,1.213809,0.0,0.0,0,0,0,0,0,,2.525
8826c86eabfffff,0.823861,10.454288,66.758867,12.689389,0.7719,0.0,0.302653,12.137976,122.593555,0.0,2.427595,0.0,0.0,0.0,0,0,0,0,0,,2.464789
8826c86eadfffff,0.823923,10.293468,52.189354,12.493243,0.542832,0.0,0.147915,14.564471,54.616766,0.0,4.854824,1.213706,0.0,0.0,0,0,0,0,0,,3.029412
8826c86eb1fffff,0.823876,7.694292,29.130602,9.33914,0.132642,0.0,0.0,0.0,33.985702,1.335239,0.0,0.0,0.0,0.0,1,0,0,0,0,,3.0
8826c86eb3fffff,0.823883,8.11924,38.840447,9.854841,0.27589,0.0,0.0,0.0,49.764322,0.0,0.0,1.213764,0.0,0.0,0,0,0,0,0,,2.0
8826c86eb5fffff,0.823946,9.957557,57.042579,12.085207,0.335739,0.0,0.150355,2.427344,83.74336,0.0,0.0,0.0,0.0,0.0,4,0,0,0,0,,2.871795
8826c86eb7fffff,0.823953,10.149715,54.614733,12.31831,0.357597,0.0,0.245029,4.854643,41.264465,0.0,0.0,3.640982,0.0,0.0,2,0,0,0,0,,2.2
8826c86eb9fffff,0.823798,10.180048,59.480586,12.357454,0.429087,0.0,0.220133,14.566674,118.961172,1.536885,24.27779,0.0,0.0,0.0,5,0,0,0,0,,2.192982
8826c86ebbfffff,0.823806,8.155731,48.555134,9.900065,0.189239,0.0,0.0,2.427757,70.404944,0.422192,0.0,1.213878,0.0,0.0,2,0,0,0,0,,2.341463
8826c86ebdfffff,0.823868,12.044089,99.530475,14.61895,0.636938,0.0,0.434693,10.924077,138.371636,0.0,1.213786,2.427573,0.0,0.0,2,0,0,0,0,,2.166667
8826c86ec1fffff,0.823549,11.072657,44.927481,13.445043,0.18865,0.0,0.18865,0.0,13.356819,0.0,0.0,0.0,0.0,0.0,0,0,0,0,0,,2.0
8826c86ec3fffff,0.823557,6.706085,36.427343,8.142829,0.390126,0.028953,0.297672,0.0,14.570937,0.0,0.0,1.214245,0.0,0.0,2,0,0,0,0,,2.105263
8826c86ec5fffff,0.823619,8.242024,57.065188,10.007078,0.316386,0.0,0.283839,4.856612,23.068906,0.0,0.0,3.642459,0.0,0.0,0,0,0,0,0,,2.0
8826c86ec7fffff,0.823627,10.361914,70.420203,12.580829,0.316174,0.0,0.1857,8.49899,60.707072,0.0,0.0,0.0,0.0,0.0,0,0,0,0,0,,2.888889
8826c86ec9fffff,0.823471,4.937156,20.644309,5.99554,0.144719,0.0,0.0,0.0,3.643113,0.0,0.0,0.0,0.0,0.0,1,0,0,0,0,,
8826c86ecbfffff,0.823479,5.906492,44.931305,7.172606,0.518036,0.0,0.52984,4.857438,27.930271,0.0,0.0,1.21436,0.0,0.0,0,0,0,0,0,,1.933333
8826c86ecdfffff,0.823542,7.548925,46.142176,9.166416,0.71617,0.0,0.720556,10.92841,40.070837,0.0,0.0,0.0,0.0,0.0,0,0,0,0,0,,2.230769
8826c86ed1fffff,0.823495,14.579178,36.430105,17.704033,0.224621,0.569373,0.815134,0.0,37.644442,0.0,0.0,0.0,0.0,0.0,4,0,0,0,0,,2.53125
8826c86ed3fffff,0.823502,9.287411,37.644093,11.277941,0.370774,0.321187,0.546548,4.857302,4.857302,1.109183,0.0,0.0,0.0,0.0,3,0,0,0,0,,2.478261
8826c86ed5fffff,0.823565,13.429687,53.426269,16.306775,0.291865,0.348537,0.53133,4.856934,92.281737,0.0,6.071167,0.0,0.0,0.0,4,0,0,0,0,,2.428571
8826c86ed7fffff,0.823573,8.561335,37.640884,10.395362,0.337585,0.0,0.013872,1.214222,33.998218,0.0,4.856888,0.0,0.0,0.0,0,0,0,0,0,,2.363636
8826c86ed9fffff,0.823417,12.098814,70.438198,14.693425,0.581463,0.318301,0.888041,0.0,60.722584,0.0,7.28671,0.0,0.0,0.0,5,0,0,0,0,,1.877193
8826c86edbfffff,0.823425,22.149776,41.290973,26.899583,0.20117,0.742736,0.935805,4.857762,2.428881,0.0,0.0,0.0,0.0,2.428881,36,0,0,0,0,,1.90625
8826c86eddfffff,0.823487,3.242792,13.35783,3.937879,1.0,0.0,0.763166,2.428696,8.500437,0.0,7.286089,0.0,0.0,0.0,0,0,0,0,0,,2.153846
8826c86ee1fffff,0.823767,12.540949,47.343467,15.223898,0.271292,0.225131,0.283756,2.42787,43.701662,0.0,0.0,0.0,0.0,0.0,2,0,0,0,0,,2.75
8826c86ee3fffff,0.823775,13.282721,43.701247,16.124208,0.15353,0.367455,0.476712,0.0,32.775935,0.0,0.0,0.0,0.0,0.0,5,0,0,0,0,,2.294118
8826c86ee5fffff,0.823837,11.564928,53.408607,14.037879,0.295437,0.14018,0.360786,6.06916,75.257583,0.0,0.0,1.213832,0.0,1.213832,1,0,0,0,0,,2.489362
8826c86ee7fffff,0.823845,15.01069,60.691021,18.220282,0.293467,0.268571,0.627629,9.710563,54.621919,0.0,0.0,1.21382,0.0,0.0,4,0,0,0,0,,2.212766
8826c86ee9fffff,0.823689,9.584239,41.277692,11.635743,0.203045,0.0,0.0,0.0,44.919841,0.0,0.0,3.642149,0.0,0.0,0,0,0,0,0,,2.0
8826c86eebfffff,0.823697,9.610014,58.273833,11.666925,0.437939,0.0,0.276428,4.856153,36.421146,0.0,0.0,1.214038,0.0,0.0,1,0,0,0,0,,2.54902
8826c86eedfffff,0.823759,10.844938,59.483386,13.165176,0.337064,0.0,0.148698,1.213947,92.259945,0.0,0.0,0.0,0.0,0.0,0,0,0,0,0,,2.173913
8826cb9941fffff,0.824145,1.042814,3.640135,1.265328,0.92301,0.0,0.899752,0.0,0.0,0.0,0.0,0.0,0.0,0.0,1,0,0,0,0,,2.0
8826cb9945fffff,0.824215,1.984017,15.772575,2.407158,0.785037,0.0,0.741481,0.0,0.0,0.0,0.0,0.0,0.0,0.0,0,0,0,0,0,,2.0
8826cb9949fffff,0.824068,4.940588,2.426984,5.995365,0.932257,0.0,0.932257,0.0,0.0,0.0,0.0,0.0,0.0,0.0,3,0,0,0,0,,2.75
8826cb994dfffff,0.824138,3.767991,15.774055,4.572038,0.679464,0.0,0.661778,0.0,0.0,0.0,0.0,0.0,0.0,0.0,2,0,0,0,0,,3.25
8826cb9969fffff,0.824286,4.247894,27.902952,5.153425,0.272025,0.0,0.347085,4.852687,0.0,0.0,0.0,0.0,0.0,0.0,0,0,0,0,0,,1.9375
8826cb9b01fffff,0.823765,10.435858,47.343586,12.668485,0.184442,0.0,0.072812,2.427876,40.059958,0.0,2.427876,0.0,0.0,0.0,0,0,0,0,0,,2.857143
8826cb9b03fffff,0.823772,7.870535,33.989968,9.554258,0.343211,0.263142,0.547292,0.0,14.567129,0.0,0.0,1.213927,0.0,0.0,3,0,0,0,0,,2.368421
8826cb9b05fffff,0.823835,9.023956,41.270375,10.95359,0.182767,0.157736,0.344467,0.0,6.069173,0.0,0.0,0.0,0.0,0.0,0,0,0,0,0,,2.25
8826cb9b07fffff,0.823843,11.273873,21.848829,13.684496,0.145318,0.733138,0.878455,0.0,3.641472,0.0,0.0,0.0,0.0,0.0,6,0,0,0,0,,1.857143
8826cb9b09fffff,0.823688,9.859068,63.130728,11.969426,0.376019,0.0,0.347857,7.284315,53.418308,0.0,1.214052,1.214052,0.0,0.0,0,0,0,0,0,,2.9
8826cb9b0bfffff,0.823695,2.921136,14.568501,3.546381,0.481199,0.0,0.363134,1.214042,1.214042,0.0,0.0,0.0,0.0,0.0,0,0,0,0,0,,2.777778
8826cb9b0dfffff,0.823758,6.774403,32.77662,8.223779,0.24789,0.334251,0.56571,3.641847,15.781335,0.0,1.213949,0.0,0.0,0.0,4,0,0,0,0,,2.454545
8826cb9b1dfffff,0.823702,6.886684,30.350777,8.360648,0.449653,0.406717,0.786723,7.284187,40.063026,0.0,0.0,0.0,0.0,4.856124,3,0,0,0,0,,2.37037
8826cb9b21fffff,0.823983,4.188173,1.213617,5.082838,0.0,1.0,1.0,0.0,0.0,0.0,0.0,0.0,0.0,0.0,1,0,0,0,0,,4.0
8826cb9b25fffff,0.824053,0.838355,2.427027,1.017355,0.062121,0.937879,1.0,0.0,0.0,0.0,0.0,0.0,0.0,0.0,0,0,0,0,0,,1.0
8826cb9b2bfffff,0.823913,2.544902,2.427441,3.0888,0.0,0.96035,0.96035,0.0,0.0,0.0,0.0,0.0,0.0,0.0,1,0,0,0,0,,4.0
8826cb9b31fffff,0.823927,10.612259,47.334264,12.880088,0.29271,0.094408,0.387118,12.136991,7.282194,0.0,0.0,0.0,0.0,0.0,0,0,0,0,0,,2.444444
8826cb9b35fffff,0.823998,7.148729,29.126294,8.675666,0.601587,0.372739,0.933947,9.708765,14.563147,0.0,0.0,0.0,0.0,0.0,4,0,0,0,0,,2.529412
8826cb9b39fffff,0.82385,2.465886,9.710506,2.993125,0.0,0.0,0.048971,0.0,3.64144,0.0,0.0,1.213813,0.0,0.0,0,0,0,0,0,,
8826cb9b3dfffff,0.82392,7.576461,18.205645,9.195624,0.405924,0.362619,0.711588,0.0,0.0,0.0,0.0,0.0,0.0,0.0,1,0,0,0,0,,2.5
8826cb9b43fffff,0.82361,9.684037,40.067508,11.758038,0.104611,0.0,0.104611,0.0,10.927502,0.099363,0.0,0.0,0.0,0.0,0,0,0,0,0,,
8826cb9b45fffff,0.823673,2.768512,6.070371,3.361179,0.557449,0.161518,0.659761,0.0,10.926668,1.32372,0.0,0.0,0.0,0.0,0,0,0,0,0,,2.166667
8826cb9b47fffff,0.82368,1.375725,4.856253,1.670217,0.0,0.0,0.0,0.0,2.428127,0.0,0.0,0.0,0.0,0.0,0,0,0,0,0,,
8826cb9b49fffff,0.823525,4.111288,17.000093,4.992306,1.0,0.0,0.996965,4.857169,12.142924,0.953458,0.0,0.0,0.0,0.0,4,0,0,0,0,,1.772727
8826cb9b4bfffff,0.823532,1.442352,0.0,1.751422,0.0,0.0,0.0,0.0,0.0,0.0,0.0,0.0,0.0,0.0,0,0,0,0,0,,
8826cb9b4dfffff,0.823595,5.934958,23.069586,7.206159,0.40273,0.0,0.021691,0.0,19.427019,0.727834,0.0,0.0,0.0,0.0,0,0,0,0,0,,2.470588
8826cb9b51fffff,0.823547,4.893803,32.785018,5.942348,0.293941,0.0,0.253083,0.0,0.0,0.0,0.0,0.0,0.0,0.0,1,0,0,0,0,,3.0
8826cb9b55fffff,0.823617,5.304568,24.283123,6.440574,0.265109,0.0,0.255618,1.214156,2.428312,0.0,0.0,0.0,0.0,0.0,1,0,0,0,0,,3.0
8826cb9b57fffff,0.823625,2.227711,9.713164,2.704765,0.663941,0.0,0.26903,0.0,0.0,0.0,0.0,0.0,0.0,0.0,1,0,0,0,0,,3.0
8826cb9b59fffff,0.823469,8.192623,34.002485,9.948912,0.256905,0.0,0.0,0.0,2.428749,1.820128,0.0,0.0,0.0,0.0,1,0,0,0,0,,2.0
8826cb9b5dfffff,0.82354,4.55533,20.642601,5.531404,0.482284,0.0,0.216836,0.0,7.285624,0.72257,0.0,1.214271,0.0,0.0,2,0,0,0,0,,2.0
8826cb9b61fffff,0.823821,2.654072,10.924707,3.221662,0.401738,0.0,0.0,0.0,1.213856,0.0,0.0,0.0,0.0,0.0,2,0,0,0,0,,1.888889
8826cb9b63fffff,0.823828,1.449724,3.641536,1.75974,0.487847,0.0,0.0,0.0,0.0,1.101596,0.0,0.0,0.0,0.0,1,0,0,0,0,,
8826cb9b65fffff,0.823891,5.203825,10.923776,6.316158,0.312132,0.0,0.0,0.0,0.0,0.0,0.0,0.0,0.0,0.0,0,0,0,0,0,,2.0
8826cb9b67fffff,0.823898,1.116189,0.0,1.354766,1.0,0.0,0.0,0.0,0.0,2.014835,0.0,0.0,0.0,0.0,0,0,0,0,0,,
8826cb9b69fffff,0.823743,5.141933,23.065443,6.242156,0.359566,0.242764,0.242764,1.213971,18.20956,0.0,0.0,3.641912,0.0,0.0,1,0,0,0,0,,2.733333
8826cb9b6bfffff,0.823751,3.287559,0.0,3.990964,0.0,1.0,1.0,0.0,0.0,1.358038,0.0,0.0,0.0,0.0,2,0,0,0,0,,4.0
8826cb9b6dfffff,0.823813,4.636347,19.421876,5.62791,0.415627,0.0,0.0,0.0,21.849611,4.12508,0.0,0.0,0.0,0.0,1,0,0,0,0,,2.375
