h3,area_km2,road_km,intersection_density,road_density,arterial_share,motorway_share,oneway_share,signal_density,crosswalk_density,bike_lane_density,transit_stop_density,school_density,nightlife_density,tourism_density,bridge_count,movable_bridge_count,tunnel_count,roundabout_count,stadium_count,avg_lanes
8844a11011fffff,0.655839,2.293179,1.524764,3.496557,0.517427,0.482573,0.770287,0.0,0.0,0.0,0.0,0.0,0.0,3.049528,0,0,1,0,0,3.0
8844a11013fffff,0.655897,2.06184,4.573885,3.14354,0.0,0.902822,0.902822,1.524628,4.573885,0.0,0.0,0.0,0.0,0.0,1,0,0,0,0,2.0
8844a11015fffff,0.655718,1.441283,16.775502,2.198023,0.378329,0.610316,0.744759,9.150274,33.551005,0.0,6.100183,0.0,0.0,0.0,1,0,0,0,0,1.944444
8844a1101bfffff,0.655961,6.421896,41.161013,9.790064,1.0,0.0,1.0,0.0,10.671374,0.0,0.0,0.0,0.0,4.573446,1,0,0,0,0,2.0
8844a11031fffff,0.655534,13.080911,99.155836,19.954595,0.364271,0.0,0.34435,36.611385,509.508448,0.164096,21.356642,0.0,7.627372,64.069925,0,0,0,0,0,2.094118
8844a11033fffff,0.655592,8.661189,71.690935,13.21125,0.069138,0.126297,0.075678,13.728051,306.593147,0.0,13.728051,4.576017,0.0,10.677373,0,0,0,0,0,2.340909
8844a11037fffff,0.655471,7.425747,50.345499,11.328877,0.522094,0.0,0.410446,35.089287,271.560571,1.987899,12.204969,4.576864,15.256212,109.844725,0,0,0,0,0,1.837209
8844a11039fffff,0.655597,2.744783,15.253277,4.186694,0.585892,0.0,0.714794,3.050655,76.266385,0.012673,6.101311,1.525328,1.525328,3.050655,0,0,0,0,0,2.0
8844a1103bfffff,0.655655,5.805125,44.230577,8.853931,0.198258,0.60635,0.673826,12.201538,103.713077,0.0,9.151154,1.525192,1.525192,0.0,4,0,0,2,0,1.947368
8844a1103dfffff,0.655476,3.869415,44.242686,5.903218,0.534695,0.0,0.552005,9.153659,157.137814,0.029434,7.628049,0.0,7.628049,13.730489,0,0,0,2,0,2.0
8844a11043fffff,0.655727,2.081223,0.0,3.173915,0.0,0.0,0.0,0.0,0.0,0.995095,0.0,0.0,0.0,0.0,0,0,0,0,0,2.0
8844a1104bfffff,0.65579,0.626868,0.0,0.955898,0.0,0.0,0.0,0.0,0.0,0.0,0.0,0.0,0.0,1.524878,0,0,0,0,0,
8844a11059fffff,0.65597,1.800713,6.09784,2.745115,0.910405,0.0,1.0,3.04892,27.440282,2.089559,4.57338,1.52446,0.0,0.0,0,0,0,0,1,3.0
8844a11087fffff,0.655946,7.674909,0.0,11.700528,0.0,1.0,1.0,0.0,0.0,0.0,0.0,0.0,0.0,0.0,2,0,0,0,0,3.0
8844a11091fffff,0.656246,3.56641,13.714369,5.434562,0.0,0.0,0.324354,0.0,1.523819,0.0,0.0,0.0,0.0,0.0,0,0,0,0,0,2.0
8844a11093fffff,0.656304,14.35619,150.844739,21.874301,0.198261,0.0,0.567962,12.189474,59.423685,0.0,12.189474,1.523684,0.0,0.0,0,0,0,7,0,2.15873
8844a11097fffff,0.656183,0.62378,7.619829,0.95062,0.0,0.0,0.870186,0.0,0.0,0.0,0.0,0.0,0.0,0.0,0,0,0,0,0,2.0
8844a11099fffff,0.656309,5.087289,41.139145,7.75136,0.416136,0.312181,0.782062,1.523672,59.42321,0.0,10.665704,0.0,0.0,1.523672,2,0,0,0,0,2.25
8844a1109bfffff,0.656367,9.052657,67.035646,13.792062,0.501074,0.0,0.281482,24.376599,53.323809,0.0,30.470748,1.523537,1.523537,1.523537,0,0,0,0,0,2.547619
8844a110a1fffff,0.655703,1.557084,7.625403,2.374678,0.0,0.275101,1.0,0.0,16.775886,0.0,0.0,0.0,0.0,0.0,0,0,0,0,0,1.6
8844a110a5fffff,0.655582,11.682597,86.945666,17.820196,0.253499,0.403599,0.741337,12.202901,76.268128,0.12201,18.304351,3.050725,0.0,0.0,5,0,0,8,0,2.037736
8844a110adfffff,0.655645,2.742011,12.201724,4.182157,0.0,0.471516,0.471516,0.0,16.777371,0.0,9.151293,1.525216,0.0,0.0,0,0,0,0,0,2.0
8844a110c1fffff,0.656077,2.536658,24.387385,3.866403,0.0,0.510919,0.89462,1.524212,19.814751,0.017024,3.048423,0.0,0.0,9.14527,0,0,0,0,0,1.416667
8844a110c3fffff,0.656135,1.695279,15.240766,2.583735,0.567397,0.0,0.579886,0.0,24.385225,0.064768,6.096306,0.0,0.0,0.0,0,0,0,0,0,1.611111
8844a110c7fffff,0.656014,2.73649,33.53588,4.171392,0.523266,0.0,0.54083,0.0,24.389731,0.0,6.097433,0.0,0.0,0.0,2,0,0,0,0,1.1
8844a110c9fffff,0.65614,8.874628,38.101627,13.52551,0.508934,0.404463,0.913114,0.0,48.770082,0.0,4.572195,0.0,0.0,1.524065,3,0,2,0,0,1.857143
8844a110cbfffff,0.656198,4.524204,9.14358,6.894571,0.0,0.645757,0.645757,6.09572,6.09572,2.944438,0.0,0.0,0.0,0.0,5,0,0,0,0,2.571429
8844a110cdfffff,0.656019,4.967856,21.340854,7.572735,0.45378,0.491501,1.0,6.097387,24.389547,0.0,4.57304,0.0,0.0,0.0,3,0,0,0,0,1.923077
8844a110d1fffff,0.656314,8.343407,68.564707,12.712517,0.167528,0.0,0.027107,6.094641,274.258826,0.0,19.807582,0.0,0.0,0.0,0,0,0,0,0,3.576923
8844a110d3fffff,0.656372,13.82656,115.787928,21.065114,0.309064,0.094383,0.358043,35.041083,347.363783,0.0,47.229286,0.0,1.523525,6.094101,2,0,0,0,0,2.561798
8844a110d7fffff,0.656251,1.244967,6.095227,1.897089,0.0,0.72355,0.72355,0.0,22.857102,0.0,0.0,1.523807,0.0,0.0,2,0,0,0,0,1.333333
8844a110d9fffff,0.656377,10.303942,86.840276,15.698196,0.436576,0.0,0.196167,15.235136,181.298119,0.163763,38.08784,3.047027,3.047027,3.047027,0,0,0,0,0,2.913043
8844a110dbfffff,0.656436,9.193752,67.028666,14.005567,0.287246,0.0,0.131792,3.046758,222.413302,0.0,25.897439,0.0,13.710409,4.570136,0,0,0,0,0,2.972973
8844a110ddfffff,0.656256,2.488552,25.904515,3.792044,0.881237,0.0,0.308722,1.523795,48.761441,0.0,1.523795,0.0,0.0,6.09518,1,1,0,0,0,1.904762
8844a110e1fffff,0.655771,2.216419,25.923671,3.379866,0.341685,0.0,0.120961,16.77414,28.973514,0.0,6.099687,0.0,0.0,3.049844,1,1,0,0,0,1.75
8844a110e5fffff,0.65565,9.147103,68.63417,13.951196,0.236838,0.143419,0.183348,30.504076,303.515554,0.619699,22.878057,3.050408,6.100815,7.626019,7,0,0,0,0,2.447761
8844a110e7fffff,0.655708,0.683958,3.050137,1.043082,0.0,0.0,0.181879,0.0,25.926167,0.0,4.575206,0.0,0.0,0.0,0,0,0,0,0,1.6
8844a110ebfffff,0.655893,5.272973,60.985598,8.039386,0.202598,0.0,0.186471,3.04928,62.510238,0.0,9.14784,0.0,0.0,0.0,2,0,0,0,0,1.681818
8844a111d1fffff,0.655466,7.202871,62.550945,10.988937,0.412136,0.0,0.281991,27.461391,209.011695,0.137866,15.256328,1.525633,6.102531,54.922781,4,0,0,6,0,2.28125
8844a111d3fffff,0.655524,4.443557,42.713934,6.778636,0.139601,0.0,0.202477,4.576493,30.509953,0.0,3.050995,3.050995,0.0,0.0,0,0,0,0,0,1.892857
8844a111d9fffff,0.655529,9.040977,62.544921,13.791883,0.288375,0.0,0.289444,48.815548,303.571689,0.492545,24.407774,3.050972,15.254859,35.086175,0,0,0,0,0,2.133333
8844a111dbfffff,0.655587,7.379649,73.216832,11.256553,0.173987,0.252708,0.371406,13.728156,126.604105,0.213299,4.576052,0.0,0.0,3.050701,5,0,0,0,0,2.238806
8844a111ddfffff,0.655408,1.039708,6.103072,1.586353,0.605172,0.0,0.292581,3.051536,35.092666,0.509968,0.0,0.0,1.525768,13.731913,0,0,0,2,0,2.2
8844a1120dfffff,0.655983,1.677502,10.671007,2.557234,0.43058,0.0,0.026791,0.0,7.622148,0.0,6.097718,0.0,0.0,0.0,0,0,0,3,0,1.5
8844a11221fffff,0.655736,2.304867,22.875047,3.514929,0.888937,0.0,0.99433,0.0,4.575009,0.0,3.050006,0.0,0.0,0.0,0,0,0,0,0,1.894737
8844a11227fffff,0.655674,2.658973,0.0,4.055331,1.0,0.0,1.0,0.0,0.0,1.666862,0.0,0.0,0.0,0.0,0,0,0,0,0,2.0
8844a11229fffff,0.655799,2.029148,7.624286,3.09416,1.0,0.0,0.98713,6.099429,28.972287,0.934059,4.574572,0.0,1.524857,0.0,0,0,0,0,2,2.0
8844a11235fffff,0.655853,2.082544,0.0,3.17532,1.0,0.0,1.0,0.0,0.0,1.946265,0.0,0.0,0.0,0.0,2,0,0,0,0,2.0
8844a11237fffff,0.655912,1.941299,18.295149,2.959697,0.578683,0.0,0.867753,9.147574,36.590298,3.073112,6.098383,0.0,0.0,0.0,0,0,0,0,3,1.722222
8844a11247fffff,0.656046,1.286818,16.767122,1.961476,0.409681,0.0,0.03199,0.0,3.048568,0.0,6.097135,0.0,0.0,0.0,0,0,0,3,0,1.7
8844a11263fffff,0.655862,6.200044,57.93903,9.453277,0.521656,0.0,0.611031,13.722402,60.988453,0.400353,10.672979,3.049423,0.0,0.0,0,0,0,6,0,1.5
8844a11281fffff,0.65645,12.704643,114.250859,19.353552,0.376026,0.155774,0.535859,21.326827,213.26827,2.237191,13.710103,3.04669,0.0,6.093379,2,0,1,8,0,1.745614
8844a11283fffff,0.656508,12.911542,82.25332,19.666986,0.288722,0.216925,0.515371,25.894564,278.747363,0.0,9.139258,1.52321,0.0,1.52321,3,0,1,0,0,2.064516
8844a11285fffff,0.656329,5.874864,56.374167,8.951096,0.481418,0.0,0.533317,18.283514,204.165903,0.0,21.330766,0.0,1.523626,15.236261,0,0,0,8,0,1.844444
8844a11287fffff,0.656387,10.78779,82.268511,16.4351,0.581021,0.0,0.634724,62.463129,397.631135,1.488141,60.939638,6.093964,6.093964,10.664437,4,2,1,6,0,2.218391
8844a11289fffff,0.656513,16.823296,169.075059,25.625223,0.486339,0.220968,0.892565,36.556769,275.69897,1.690637,22.847981,0.0,0.0,1.523199,5,0,0,16,0,1.723529
8844a1128bfffff,0.656571,14.761106,234.551785,22.482103,0.16745,0.0,0.595137,12.184508,286.335945,0.0,12.184508,0.0,0.0,0.0,0,0,0,64,0,1.23176
8844a1128dfffff,0.656392,0.600439,10.66436,0.914757,0.929484,0.0,0.853108,1.52348,24.37568,0.0,4.57044,0.0,0.0,0.0,0,0,0,0,0,2.0
8844a11291fffff,0.656688,10.493029,63.957325,15.978716,0.258925,0.0,0.514186,27.410282,374.607188,0.0,27.410282,4.56838,0.0,1.522793,0,0,0,0,0,2.272727
8844a11293fffff,0.656746,9.955699,60.906342,15.15913,0.320034,0.194144,0.416871,27.407854,245.148027,0.0,19.794561,0.0,0.0,0.0,4,2,0,0,1,2.796296
8844a11295fffff,0.656567,9.799952,57.876834,14.926057,0.375312,0.0,0.603479,10.661522,286.338022,0.0,13.707671,13.707671,0.0,0.0,1,1,0,0,0,1.893939
8844a11297fffff,0.656625,9.17597,85.284619,13.974448,0.419734,0.0,0.2837,22.844095,222.349187,0.0,31.981732,0.0,0.0,0.0,8,2,1,0,0,2.140625
8844a11299fffff,0.656751,10.813855,83.745605,16.465688,0.304711,0.0,0.793417,28.9303,306.05212,0.324064,19.794416,6.090589,4.567942,3.045295,0,0,0,3,0,1.813725
8844a1129bfffff,0.656809,11.349166,94.39577,17.279246,0.312932,0.0,0.360214,22.837686,313.637559,0.0,22.837686,4.567537,0.0,0.0,0,0,0,0,0,2.460526
8844a1129dfffff,0.65663,10.781464,80.715207,16.419398,0.366384,0.0,0.489702,36.550283,275.650048,0.0,21.320998,0.0,1.522928,0.0,0,0,0,0,0,2.071429
8844a112a7fffff,0.656082,1.769061,15.242002,2.696403,0.5195,0.436254,1.0,0.0,0.0,0.0,0.0,0.0,0.0,0.0,1,0,0,0,0,1.307692
8844a112abfffff,0.656266,2.400627,15.237724,3.65801,0.0,0.0,0.795109,6.095089,73.141073,0.0,7.618862,3.047545,1.523772,0.0,2,0,0,8,0,1.875
8844a112b1fffff,0.656382,9.675363,62.463587,14.740436,0.837512,0.0,0.751194,100.551141,315.364941,0.0,54.846077,4.570506,0.0,7.617511,0,0,1,0,0,2.343284
8844a112b3fffff,0.656441,12.235887,103.588967,18.639749,0.411983,0.131112,0.373006,13.710305,184.327427,0.0,36.560812,1.523367,7.616836,0.0,3,0,1,0,0,2.010638
8844a112b5fffff,0.656261,5.425889,27.428104,8.26788,0.643943,0.0,0.758368,24.380537,74.665394,0.0,10.666485,0.0,4.571351,6.095134,3,1,0,0,1,2.757576
8844a112b7fffff,0.656319,10.487799,76.182426,15.979719,0.579354,0.30776,0.663883,44.185807,228.547279,0.876497,57.898644,21.331079,0.0,3.047297,3,0,1,0,0,2.648352
8844a112b9fffff,0.656445,17.035011,100.541485,25.950383,0.500976,0.434344,0.701661,67.027657,266.587271,0.611108,47.224031,1.523356,0.0,1.523356,24,3,0,0,0,2.008772
8844a112bbfffff,0.656504,12.506868,76.161041,19.050722,0.475903,0.250779,0.584454,21.325092,307.690607,0.0,45.696625,7.616104,0.0,1.523221,5,0,0,0,0,2.239437
8844a112bdfffff,0.656324,10.112303,102.083692,15.407481,0.763817,0.117733,0.865096,118.843701,304.727439,0.0,42.661841,1.523637,7.618186,22.854558,6,2,0,0,0,2.266667
8844a112c3fffff,0.656576,2.403922,24.368844,3.6613,0.300804,0.0,0.529856,12.184422,22.845792,0.022573,7.615264,0.0,0.0,0.0,0,0,0,0,0,1.76
8844a112c7fffff,0.656455,0.90448,3.046668,1.377825,1.0,0.0,1.0,0.0,10.663338,2.123741,1.523334,0.0,0.0,0.0,1,0,0,0,0,2.666667
8844a112d1fffff,0.656756,11.879937,132.469372,18.088826,0.212275,0.0,0.24016,18.271637,214.69174,0.543535,22.839547,4.567909,0.0,0.0,0,0,0,20,0,1.873239
8844a112d3fffff,0.656814,11.469864,137.025124,17.462884,0.159352,0.0,0.133374,0.0,162.907647,0.0,12.180011,0.0,0.0,0.0,0,0,0,29,0,1.789474
8844a112d5fffff,0.656634,12.29872,197.97928,18.729936,0.280375,0.0,0.534151,12.18334,222.34596,2.844427,25.889598,0.0,0.0,0.0,0,0,0,40,0,1.55
8844a112d7fffff,0.656693,12.011726,121.822592,18.291245,0.090201,0.0,0.190684,3.045565,187.302235,1.73253,9.136694,4.568347,0.0,0.0,0,0,0,8,0,1.753846
8844a112d9fffff,0.656819,12.558053,147.681589,19.119517,0.09539,0.139957,0.245967,6.089962,103.529362,1.869667,0.0,0.0,0.0,0.0,0,0,0,40,0,1.593548
8844a112dbfffff,0.656877,12.544652,182.682659,19.09742,0.227427,0.0,0.29795,15.223555,217.696835,0.0,15.223555,1.522355,0.0,0.0,0,0,0,40,0,1.573604
8844a112ddfffff,0.656697,11.959577,108.116786,18.211704,0.176474,0.193162,0.374496,18.27326,48.728692,2.037548,6.091087,0.0,0.0,0.0,0,0,0,0,1,1.901961
8844a112e1fffff,0.656212,1.878187,0.0,2.862164,1.0,0.0,1.0,0.0,0.0,1.679618,0.0,0.0,0.0,0.0,1,0,0,0,0,3.0
8844a112e5fffff,0.656091,0.929516,3.048357,1.416748,1.0,0.0,0.978817,0.0,10.669249,1.936102,3.048357,0.0,1.524178,0.0,0,0,0,0,0,2.5
8844a112ebfffff,0.656334,3.780264,3.047231,5.759668,1.0,0.0,1.0,0.0,30.472308,2.509417,3.047231,0.0,0.0,0.0,1,0,0,0,0,2.0
8844a11549fffff,0.656546,9.37652,88.341054,14.28158,0.255747,0.0,0.253575,4.569365,10.661851,0.0,22.846824,4.569365,0.0,0.0,0,0,0,0,0,2.0
8844a1154dfffff,0.656425,12.247754,123.395632,18.658264,0.254143,0.0,0.240234,13.710626,45.702086,0.0,24.374446,1.523403,1.523403,0.0,0,0,0,0,0,2.915254
8844a11701fffff,0.656857,11.548336,71.552838,17.581197,0.306883,0.191087,0.270898,9.134405,47.194425,0.0,25.880814,4.567202,0.0,0.0,2,0,0,0,0,2.414634
8844a11703fffff,0.656915,11.940225,98.947313,18.176202,0.13867,0.0,0.116765,4.566799,19.789463,0.0,16.74493,1.522266,0.0,0.0,0,0,0,0,0,3.315789
8844a11705fffff,0.656736,13.896685,114.201134,21.160229,0.334088,0.159089,0.361814,10.658772,59.38459,0.0,30.453636,0.0,0.0,0.0,4,0,0,0,0,2.233333
8844a11707fffff,0.656794,10.805068,133.98416,16.451227,0.141027,0.0,0.192097,4.567642,3.045095,0.0,15.225473,4.567642,0.0,0.0,0,0,0,0,0,2.76
8844a11709fffff,0.65692,8.865273,54.80116,13.495201,0.173852,0.0,0.011662,6.089018,16.744799,0.0,13.70029,4.566763,0.0,0.0,0,0,0,0,0,2.55
8844a1170bfffff,0.656978,12.21199,76.105998,18.588113,0.207702,0.244504,0.306739,4.56636,39.575119,0.0,24.353919,1.52212,0.0,0.0,2,0,0,0,0,2.93617
8844a1170dfffff,0.656799,10.140785,68.514092,15.439704,0.324226,0.0,0.0,7.612677,28.928172,0.0,18.270424,1.522535,0.0,0.0,0,0,0,0,0,2.333333
8844a1171dfffff,0.657036,10.231848,86.753176,15.572725,0.216077,0.0,0.163323,4.565957,54.79148,0.0,13.69787,9.131913,0.0,0.0,0,0,0,0,0,2.689655
8844a11721fffff,0.656552,18.572697,85.294128,28.288249,0.13449,0.43685,0.470465,1.523109,57.878158,0.0,9.138657,1.523109,0.0,0.0,5,0,0,0,0,1.822222
8844a11723fffff,0.65661,14.217335,89.855519,21.652644,0.214247,0.183067,0.34612,4.568925,33.505448,0.0,25.890573,3.04595,0.0,0.0,2,0,0,0,0,3.447368
8844a11725fffff,0.65643,11.147244,83.786488,16.981608,0.263341,0.072408,0.072408,7.616953,59.412237,0.0,13.710516,1.523391,0.0,1.523391,1,0,0,0,0,3.210526
8844a11727fffff,0.656488,10.515672,76.162805,16.018062,0.258185,0.0,0.012113,7.616281,16.755817,0.0,22.848842,3.046512,0.0,0.0,0,0,0,1,0,3.6
8844a11729fffff,0.656615,20.834409,70.056292,31.730032,0.153005,0.617167,0.68992,7.614814,102.038512,0.0,15.229629,1.522963,0.0,1.522963,16,0,0,0,0,2.574074
8844a1172bfffff,0.656673,11.295521,102.029496,17.201139,0.195366,0.0,0.009881,3.045657,35.025051,0.0,10.659798,3.045657,0.0,0.0,0,0,0,0,0,2.6
8844a1172dfffff,0.656494,12.382719,68.545983,18.861903,0.278848,0.116315,0.253981,7.61622,231.533097,0.0,22.848661,9.139464,0.0,0.0,5,0,0,0,0,2.394737
8844a11735fffff,0.656668,10.194143,92.893269,15.524053,0.357158,0.034352,0.246983,15.228405,42.639533,0.0,28.933969,1.52284,0.0,0.0,0,0,0,0,0,2.5
8844a11739fffff,0.656852,11.062639,71.553404,16.841903,0.141071,0.0,0.00732,3.044826,68.508578,0.0,21.31378,4.567239,0.0,0.0,0,0,0,0,0,3.555556
8844a1173dfffff,0.656731,10.844471,82.225466,16.512809,0.217798,0.0,0.028941,4.568081,51.77159,0.0,38.067346,0.0,0.0,0.0,0,0,0,0,0,3.0
8844a11741fffff,0.656925,8.21598,53.278499,12.506716,0.333005,0.0,0.058395,6.088971,77.634385,0.0,7.611214,1.522243,0.0,0.0,1,1,0,0,0,2.109091
8844a11743fffff,0.656984,8.670925,56.318003,13.198086,0.185073,0.0,0.0,6.088433,33.48638,0.0,24.353731,0.0,0.0,0.0,0,0,0,0,0,4.411765
8844a11745fffff,0.656804,10.934627,105.054139,16.648229,0.404552,0.0,0.305083,33.495523,243.603801,0.0,33.495523,4.567571,0.0,0.0,2,0,0,0,0,1.988095
8844a11747fffff,0.656862,9.243941,54.806006,14.072874,0.177793,0.0,0.084288,7.611945,83.731398,0.0,30.447781,4.567167,0.0,0.0,0,0,0,0,0,2.823529
8844a11749fffff,0.656988,10.576728,85.237417,16.098803,0.282289,0.212574,0.427552,9.13258,129.378222,0.0,13.698871,1.522097,0.0,0.0,3,0,0,0,0,2.315217
8844a1174bfffff,0.657047,9.209167,83.707912,14.016003,0.261208,0.221636,0.273064,21.307469,133.932659,0.0,25.873355,1.521962,0.0,0.0,4,2,0,0,0,2.253333
8844a1174dfffff,0.656867,13.003245,100.47692,19.795849,0.249921,0.289975,0.471043,9.134265,168.983912,0.0,16.746153,3.044755,0.0,0.0,8,1,0,0,0,2.59375
8844a11751fffff,0.657163,8.8787,47.172482,13.510656,0.115575,0.045922,0.023077,7.608465,51.737561,0.0,9.130158,4.565079,0.0,0.0,0,0,0,0,0,2.275862
8844a11755fffff,0.657042,9.92063,62.40092,15.098937,0.071888,0.124683,0.124683,4.565921,33.48342,0.0,6.087895,3.043947,0.0,0.0,0,0,0,0,0,2.3
8844a11757fffff,0.6571,11.699048,82.179317,17.80407,0.240524,0.278285,0.474352,19.78391,114.13794,0.0,19.78391,3.043678,0.0,0.0,2,0,0,0,0,2.21875
8844a11759fffff,0.657226,5.809679,48.689498,8.839699,0.465742,0.0,0.0,7.607734,38.03867,0.0,3.043094,0.0,0.0,3.043094,0,0,0,0,0,2.375
8844a1175dfffff,0.657105,9.091118,60.873098,13.835113,0.179741,0.180876,0.185544,9.130965,85.222337,0.0,15.218275,1.521827,0.0,0.0,0,0,0,0,0,2.588235
8844a11761fffff,0.65662,11.641202,67.009849,17.728982,0.226973,0.230287,0.266909,10.660658,108.129529,0.0,44.165582,1.522951,0.0,0.0,3,0,0,0,0,3.175
8844a11763fffff,0.656678,10.527358,86.800535,16.031233,0.372082,0.0,0.127331,12.182531,39.593226,0.0,19.796613,1.522816,0.0,0.0,0,0,0,0,0,2.268293
8844a11765fffff,0.656499,9.549087,77.684847,14.545477,0.321523,0.0,0.180427,9.139394,67.022221,0.0,39.60404,4.569697,0.0,0.0,0,0,0,0,0,2.21875
8844a11767fffff,0.656557,11.1522,82.247267,16.985888,0.178877,0.087647,0.344989,4.569293,129.46329,0.0,18.27717,3.046195,4.569293,1.523098,1,0,0,0,0,2.857143
8844a11769fffff,0.656683,10.09489,74.617434,15.372547,0.375094,0.246176,0.638206,33.501705,240.603155,0.0,44.161339,1.522805,0.0,3.04561,5,0,2,0,0,2.413333
8844a1176bfffff,0.656741,9.35107,59.384131,14.238595,0.363421,0.0,0.379883,15.2267,211.651134,0.0,28.93073,1.52267,0.0,0.0,0,0,0,0,0,2.484848
8844a1176dfffff,0.656562,15.98258,65.492694,24.342842,0.177819,0.62367,0.680903,4.569258,99.000585,0.0,12.184687,4.569258,0.0,0.0,22,0,0,3,0,2.349206
8844a18d11fffff,0.657128,10.682986,118.698288,16.257079,0.222357,0.0,0.168726,4.565319,65.436236,1.097821,9.130638,7.608865,1.521773,1.521773,0,0,0,16,0,1.609756
8844a18d13fffff,0.657187,11.490788,89.776626,17.484817,0.154924,0.194912,0.255075,22.824566,161.293599,1.781263,21.302928,3.043275,0.0,0.0,0,0,0,0,0,2.495146
8844a18d15fffff,0.657007,3.740514,44.139556,5.693263,0.684417,0.0,0.38488,7.610268,86.757059,1.689471,6.088215,4.566161,0.0,6.088215,0,0,0,0,0,2.023256
8844a18d17fffff,0.657065,9.246276,106.534289,14.072078,0.171518,0.0,0.060288,13.697266,98.924697,0.0,16.741103,0.0,1.521918,3.043837,0,0,0,16,0,1.716981
8844a18d19fffff,0.657191,8.352628,66.951612,12.709589,0.198523,0.0,0.002342,15.216275,19.781158,1.437579,4.564883,3.043255,0.0,0.0,0,0,1,0,0,1.979592
8844a18d1bfffff,0.657249,11.89525,106.504461,18.098531,0.252652,0.102818,0.309048,16.736415,63.902676,0.473851,27.386861,10.650446,0.0,0.0,0,0,0,5,0,2.149533
8844a18d1dfffff,0.65707,0.678454,1.521908,1.032544,0.0,0.0,0.0,0.0,0.0,0.0,0.0,1.521908,0.0,0.0,0,0,0,0,0,1.666667
8844a18d33fffff,0.656881,9.784679,97.430071,14.895656,0.243338,0.102404,0.231563,15.223449,76.117243,0.692141,12.178759,3.04469,0.0,0.0,0,0,2,0,0,2.0
8844a18d37fffff,0.65676,7.668827,62.427659,11.676753,0.232682,0.0,0.153117,21.316762,24.362013,0.0,4.567877,0.0,0.0,0.0,1,0,0,4,0,2.0
8844a18d3bfffff,0.656944,7.879141,68.498965,11.993622,0.546621,0.0,0.279002,13.699793,132.431332,0.55052,27.399586,1.522199,0.0,4.566598,0,0,0,9,0,1.606557
8844a18d57fffff,0.657133,3.726929,15.217629,5.671502,0.052135,0.0,0.012811,0.0,1.521763,0.298999,1.521763,0.0,0.0,0.0,0,0,0,0,0,1.947368
8844a18d81fffff,0.657299,12.734936,155.180596,19.374656,0.243772,0.0,0.145172,12.171027,397.079761,0.0,31.948946,0.0,0.0,0.0,0,0,0,22,0,2.210526
8844a18d83fffff,0.657357,14.130765,202.325404,21.496336,0.29253,0.0,0.422045,15.212436,261.653905,0.0,25.861142,0.0,1.521244,1.521244,0,0,0,24,0,1.741784
8844a18d85fffff,0.657177,8.536079,95.864515,12.989001,0.179272,0.0,0.210858,12.173272,225.205528,0.05892,9.129954,0.0,0.0,0.0,0,0,0,8,0,1.78
8844a18d87fffff,0.657236,12.50289,135.41565,19.023449,0.233895,0.0,0.276158,10.650669,246.486914,0.0,24.344387,4.564572,0.0,0.0,0,0,1,0,0,2.087838
8844a18d89fffff,0.657362,11.880245,120.177386,18.072617,0.240387,0.0,0.199937,31.945887,263.173263,0.0,24.339724,1.521233,0.0,3.042465,0,0,0,12,0,2.207407
8844a18d8bfffff,0.65742,11.22068,121.687834,17.067753,0.171823,0.0,0.082835,10.647686,196.221633,0.0,18.253175,3.042196,0.0,0.0,0,0,0,16,0,2.183333
8844a18d8dfffff,0.65724,10.100558,127.807113,15.368132,0.154869,0.0,0.157277,18.258159,190.189157,0.0,10.650593,4.56454,0.0,0.0,0,0,0,16,0,1.931298
8844a18d95fffff,0.657415,10.962813,95.829865,16.675633,0.279295,0.0,0.208798,21.295526,293.574032,0.0,22.816635,0.0,0.0,3.042218,0,0,0,8,0,2.313131
8844a18d9dfffff,0.657478,9.173624,101.904536,13.952745,0.182547,0.0,0.164341,7.604816,200.767146,0.0,12.167706,4.56289,0.0,0.0,0,0,0,11,0,1.931034
8844a18da1fffff,0.656993,12.269648,106.545988,18.675454,0.360228,0.104466,0.436382,39.574224,260.276627,0.0,27.39754,4.566257,0.0,1.522086,0,0,0,3,0,2.333333
8844a18da3fffff,0.657052,10.643471,73.053634,16.198839,0.080642,0.225579,0.268721,9.131704,246.556015,0.0,21.30731,7.609754,0.0,0.0,0,0,0,0,0,2.79661
8844a18da5fffff,0.656872,11.31063,91.341984,17.218923,0.365378,0.0,0.584013,33.492061,380.591598,0.0,19.790763,0.0,0.0,0.0,0,0,0,0,0,2.07619
8844a18da7fffff,0.65693,11.896669,100.46728,18.109485,0.221457,0.0,0.199072,18.266778,269.434977,0.0,24.355704,4.566695,0.0,0.0,0,0,0,0,0,2.916667
8844a18da9fffff,0.657056,10.975546,141.540389,16.704119,0.066777,0.17965,0.23021,10.653578,235.900648,0.0,18.263276,7.609698,0.0,0.0,0,0,0,24,0,1.72093
8844a18dabfffff,0.657115,11.412918,109.569945,17.368234,0.179546,0.0,0.165119,12.174438,231.314328,0.0,12.174438,3.04361,0.0,0.0,0,0,0,16,0,1.763359
8844a18dadfffff,0.656935,12.370054,167.444251,18.829949,0.211566,0.0,0.27433,12.177764,194.844219,0.0,10.655543,6.088882,0.0,0.0,0,0,0,32,0,1.697802
8844a18db1fffff,0.657231,11.705192,82.162909,17.809863,0.214838,0.149279,0.205596,0.0,115.636686,0.0,15.215353,0.0,0.0,0.0,4,0,0,0,0,1.954023
8844a18db3fffff,0.657289,9.476014,47.163424,14.416816,0.275251,0.0,0.094455,3.042802,92.805447,0.0,9.128405,1.521401,0.0,0.0,2,0,0,0,0,2.16129
8844a18db5fffff,0.65711,12.257752,74.568983,18.654043,0.231544,0.382297,0.415604,21.305424,162.83431,0.0,12.174528,3.043632,0.0,0.0,5,0,0,0,0,2.385542
8844a18db7fffff,0.657168,9.629082,63.910617,14.652395,0.245542,0.0,0.115993,0.0,108.039376,0.0,3.043363,0.0,0.0,0.0,1,0,0,0,0,1.960784
8844a18db9fffff,0.657294,9.598614,83.676419,14.60323,0.186507,0.0,0.055447,9.128337,269.285931,0.0,25.86362,1.521389,0.0,0.0,0,0,0,0,0,2.168317
8844a18dbbfffff,0.657352,8.321086,45.637645,12.658493,0.375149,0.266533,0.426874,9.127529,91.275289,0.0,12.170039,0.0,0.0,7.606274,3,0,0,0,0,2.765957
8844a18dbdfffff,0.657173,10.626296,97.386881,16.169716,0.077384,0.0,0.011158,10.65169,225.207163,0.0,10.65169,1.52167,0.0,0.0,0,0,0,0,0,2.213592
8844a18dc1fffff,0.657366,13.308252,147.558545,20.244807,0.313403,0.0,0.229264,30.424442,249.480426,0.0,10.648555,1.521222,0.0,0.0,0,0,0,23,0,2.127389
8844a18dc3fffff,0.657425,12.216415,187.093722,18.582232,0.468344,0.0,0.37217,39.548266,276.837865,0.982806,24.337395,0.0,0.0,3.042174,0,0,0,50,0,1.80791
8844a18dc5fffff,0.657245,10.273199,86.72565,15.630699,0.195236,0.0,0.106904,9.129016,211.488866,0.0,18.258032,3.043005,0.0,0.0,0,0,0,4,0,2.424242
8844a18dc7fffff,0.657303,13.264403,136.923087,20.180033,0.47376,0.0,0.54801,121.709411,476.188069,0.0,44.119661,1.521368,4.564103,4.564103,0,0,2,0,0,2.151899
8844a18dcdfffff,0.657308,12.358296,156.699787,18.801382,0.43412,0.0,0.386995,27.384429,281.451074,0.628769,39.555286,6.085429,0.0,1.521357,0,0,2,26,0,1.994118
8844a18dd5fffff,0.657483,8.987839,112.550472,13.670075,0.089851,0.0,0.05499,0.0,104.94571,0.0,0.0,0.0,0.0,0.0,0,0,0,28,0,1.612069
8844a18de1fffff,0.657061,11.34019,74.574516,17.258963,0.129776,0.128006,0.255412,3.043858,219.157761,0.0,13.69736,1.521929,1.521929,0.0,0,0,0,0,0,1.965909
8844a18de3fffff,0.657119,10.843956,136.96145,16.502266,0.181075,0.0,0.060729,6.087176,149.135801,0.0,0.0,1.521794,0.0,0.0,0,0,0,40,0,1.391304
8844a18de5fffff,0.65694,12.451322,202.45389,18.953523,0.184394,0.0,0.278716,3.044419,191.798422,0.0,6.088839,0.0,0.0,0.0,0,0,0,60,0,1.38835
8844a18de7fffff,0.656998,10.809898,133.942568,16.453471,0.074725,0.160323,0.237615,12.176597,196.347627,0.0,16.742821,7.610373,0.0,0.0,0,0,0,24,0,1.619403
8844a18de9fffff,0.657124,11.24577,105.003045,17.113624,0.091414,0.094539,0.11206,16.739616,138.482277,0.376118,0.0,3.043567,0.0,0.0,0,0,0,12,0,1.958333
8844a18debfffff,0.657182,9.949749,83.690652,15.140017,0.247663,0.0,0.23291,21.303075,181.076137,0.0,9.129889,0.0,1.521648,0.0,0,0,0,16,0,1.729167
8844a18dedfffff,0.657003,13.766692,175.037361,20.953786,0.058808,0.212527,0.351412,18.264768,200.912449,1.76262,22.83096,1.522064,0.0,1.522064,0,0,0,16,0,1.767956
